VariationID,gene,Name,protein_change,variant_type,consequence,current_class,review_status,first_class,first_date,latest_class,latest_date,n_submissions,n_submitters,reclassified,direction,first_year,latest_year
328192,PRKCSH,NM_001289104.2(PRKCSH):c.1260C>T (p.Ser420=),,single nucleotide variant,synonymous variant,Benign/Likely benign,"criteria provided, multiple submitters, no conflicts",B,2018-01-13,LB,2025-08-01,3,3,True,toward_pathogenic,2018.0,2025.0
328193,PRKCSH,NM_001289104.2(PRKCSH):c.1292T>C (p.Val431Ala),"V424A, V421A, V431A",single nucleotide variant,missense variant,Benign/Likely benign,"criteria provided, multiple submitters, no conflicts",B,2018-01-13,LB,2025-10-18,3,3,True,toward_pathogenic,2018.0,2025.0
890782,PRKCSH,NM_001289104.2(PRKCSH):c.176A>G (p.Lys59Arg),K59R,single nucleotide variant,missense variant,Benign/Likely benign,"criteria provided, multiple submitters, no conflicts",B,2018-01-13,LB,2024-08-29,2,2,True,toward_pathogenic,2018.0,2024.0
890781,PRKCSH,NM_001289104.2(PRKCSH):c.37T>C (p.Trp13Arg),W13R,single nucleotide variant,missense variant,Benign/Likely benign,"criteria provided, multiple submitters, no conflicts",B,2018-01-13,LB,2024-06-24,3,3,True,toward_pathogenic,2018.0,2024.0
713728,PRKCSH,NM_001289104.2(PRKCSH):c.939GGA[7] (p.Glu323_Glu325del),,Microsatellite,inframe_deletion,Benign/Likely benign,"criteria provided, multiple submitters, no conflicts",B,2022-08-01,LB,2026-01-17,2,2,True,toward_pathogenic,2022.0,2026.0
328188,PRKCSH,NM_001289104.2(PRKCSH):c.976G>A (p.Ala326Thr),A326T,single nucleotide variant,missense variant,Benign/Likely benign,"criteria provided, multiple submitters, no conflicts",B,2018-01-13,LB,2026-01-09,7,7,True,toward_pathogenic,2018.0,2026.0
354886,SEC63,NM_007214.5(SEC63):c.*256T>C,,single nucleotide variant,3 prime UTR variant,Benign/Likely benign,"criteria provided, multiple submitters, no conflicts",B,2018-01-13,LB,2020-02-05,2,2,True,toward_pathogenic,2018.0,2020.0
354904,SEC63,NM_007214.5(SEC63):c.1441-5C>T,,single nucleotide variant,intron variant,Benign/Likely benign,"criteria provided, multiple submitters, no conflicts",B,2018-01-13,LB,2021-07-22,2,2,True,toward_pathogenic,2018.0,2021.0
768106,SEC63,NM_007214.5(SEC63):c.1936-11_1936-9del,,Deletion,intron variant,Benign/Likely benign,"criteria provided, multiple submitters, no conflicts",B,2017-05-08,LB,2021-10-04,2,2,True,toward_pathogenic,2017.0,2021.0
3390952,SEC63,NM_007214.5(SEC63):c.1936-9del,,Deletion,intron variant,Benign/Likely benign,"criteria provided, multiple submitters, no conflicts",B,2024-12-17,LB,2025-09-14,3,2,True,toward_pathogenic,2024.0,2025.0
1332936,SEC63,NM_007214.5(SEC63):c.340-10T>C,,single nucleotide variant,intron variant,Benign/Likely benign,"criteria provided, multiple submitters, no conflicts",B,2021-07-15,LB,2026-01-19,3,3,True,toward_pathogenic,2021.0,2026.0
1332937,SEC63,NM_007214.5(SEC63):c.340-11T>C,,single nucleotide variant,intron variant,Benign/Likely benign,"criteria provided, multiple submitters, no conflicts",B,2021-07-15,LB,2026-01-19,2,2,True,toward_pathogenic,2021.0,2026.0
189837,SEC63,NM_007214.5(SEC63):c.340-12_340-7delinsCCCC,,Indel,intron variant,Benign/Likely benign,"criteria provided, multiple submitters, no conflicts",B,2012-12-21,LB,2021-07-26,3,3,True,toward_pathogenic,2012.0,2021.0
1332938,SEC63,NM_007214.5(SEC63):c.340-12G>C,,single nucleotide variant,intron variant,Benign/Likely benign,"criteria provided, multiple submitters, no conflicts",B,2021-07-15,LB,2026-01-19,2,2,True,toward_pathogenic,2021.0,2026.0
354913,SEC63,NM_007214.5(SEC63):c.340-9_340-7del,,Deletion,intron variant,Benign/Likely benign,"criteria provided, multiple submitters, no conflicts",B,2021-07-15,LB,2026-01-19,2,2,True,toward_pathogenic,2021.0,2026.0
1255594,GANAB,NM_198334.3(GANAB):c.1399G>A (p.Val467Ile),"V226I, V353I, V370I, V375I, V467I, V489I",single nucleotide variant,missense variant,Likely benign,"criteria provided, multiple submitters, no conflicts",B,2021-09-01,LB,2025-10-08,4,4,True,toward_pathogenic,2021.0,2025.0
714409,GANAB,NM_198334.3(GANAB):c.917A>G (p.Asn306Ser),"N209S, N214S, N306S, N192S, N328S, N65S",single nucleotide variant,missense variant,Benign/Likely benign,"criteria provided, multiple submitters, no conflicts",B,2019-11-27,LB,2026-03-01,6,6,True,toward_pathogenic,2019.0,2026.0
380165,ALG9,NM_024740.2(ALG9):c.132-11C>T,,single nucleotide variant,intron variant,Benign/Likely benign,"criteria provided, multiple submitters, no conflicts",B,2016-10-19,LB,2025-10-24,2,2,True,toward_pathogenic,2016.0,2025.0
419307,ALG9,NM_024740.2(ALG9):c.132-12dup,,Duplication,intron variant,Benign/Likely benign,"criteria provided, multiple submitters, no conflicts",B,2017-04-20,LB,2026-02-02,3,3,True,toward_pathogenic,2017.0,2026.0
380585,ALG9,NM_024740.2(ALG9):c.132-12G>T,,single nucleotide variant,intron variant,Benign/Likely benign,"criteria provided, multiple submitters, no conflicts",B,2016-10-19,LB,2025-10-09,2,2,True,toward_pathogenic,2016.0,2025.0
3708928,ALG9,NM_024740.2(ALG9):c.132-13_132-12insTG,,Insertion,intron variant,Benign/Likely benign,"criteria provided, multiple submitters, no conflicts",B,2025-05-06,LB,2026-02-03,2,2,True,toward_pathogenic,2025.0,2026.0
166678,ALG9,NM_024740.2(ALG9):c.1538C>T (p.Pro513Leu),"P513L, P342L, P465L, P506L, P294L, P310L, P335L",single nucleotide variant,missense variant|non-coding transcript variant,Benign/Likely benign,"criteria provided, multiple submitters, no conflicts",B,2014-03-10,LB,2026-01-31,11,11,True,toward_pathogenic,2014.0,2026.0
1255593,GANAB,NM_198334.3(GANAB):c.1259A>G (p.Asn420Ser),"N179S, N306S, N323S, N328S, N420S, N442S",single nucleotide variant,missense variant,Uncertain significance,"criteria provided, single submitter",B,2021-09-01,VUS,2025-10-10,3,3,True,toward_pathogenic,2021.0,2025.0
1255597,GANAB,NM_198334.3(GANAB):c.382C>T (p.Leu128Phe),"L128F, L14F, L31F",single nucleotide variant,missense variant|5 prime UTR variant,Uncertain significance,"criteria provided, single submitter",B,2021-09-01,VUS,2023-06-09,2,2,True,toward_pathogenic,2021.0,2023.0
638633,ALG9,NM_024740.2(ALG9):c.944A>G (p.Asn315Ser),"N315S, N144S, N119S",single nucleotide variant,missense variant|non-coding transcript variant|intron variant,Uncertain significance,"criteria provided, multiple submitters, no conflicts",B,2019-05-21,VUS,2024-04-17,3,3,True,toward_pathogenic,2019.0,2024.0
2163452,PRKCSH,NM_001289104.2(PRKCSH):c.1127-4C>G,,single nucleotide variant,intron variant,Benign/Likely benign,"criteria provided, multiple submitters, no conflicts",LB,2024-12-26,B,2025-09-24,2,2,True,toward_benign,2024.0,2025.0
1669031,PRKCSH,NM_001289104.2(PRKCSH):c.1338C>T (p.Leu446=),,single nucleotide variant,synonymous variant,Benign/Likely benign,"criteria provided, multiple submitters, no conflicts",LB,2021-12-22,B,2025-08-15,3,3,True,toward_benign,2021.0,2025.0
2289943,PRKCSH,NM_001289104.2(PRKCSH):c.1489A>G (p.Met497Val),"M487V, M490V, M497V",single nucleotide variant,missense variant,Benign/Likely benign,"criteria provided, multiple submitters, no conflicts",LB,2022-05-16,B,2025-07-08,3,3,True,toward_benign,2022.0,2025.0
1541333,PRKCSH,NM_001289104.2(PRKCSH):c.438G>A (p.Glu146=),,single nucleotide variant,synonymous variant,Benign/Likely benign,"criteria provided, multiple submitters, no conflicts",LB,2021-07-19,B,2025-10-14,2,2,True,toward_benign,2021.0,2025.0
1546933,PRKCSH,NM_001289104.2(PRKCSH):c.683+9C>A,,single nucleotide variant,intron variant,Benign/Likely benign,"criteria provided, multiple submitters, no conflicts",LB,2021-11-23,B,2025-06-12,2,2,True,toward_benign,2021.0,2025.0
328180,PRKCSH,NM_001289104.2(PRKCSH):c.752C>T (p.Ala251Val),A251V,single nucleotide variant,missense variant,Benign/Likely benign,"criteria provided, multiple submitters, no conflicts",LB,2018-01-13,B,2026-01-12,3,3,True,toward_benign,2018.0,2026.0
736306,PRKCSH,NM_001289104.2(PRKCSH):c.822C>T (p.Ala274=),,single nucleotide variant,synonymous variant,Benign/Likely benign,"criteria provided, multiple submitters, no conflicts",LB,2019-02-21,B,2026-01-26,3,3,True,toward_benign,2019.0,2026.0
328185,PRKCSH,NM_001289104.2(PRKCSH):c.850-12C>T,,single nucleotide variant,intron variant,Benign/Likely benign,"criteria provided, multiple submitters, no conflicts",LB,2018-01-12,B,2025-02-11,2,2,True,toward_benign,2018.0,2025.0
2191182,PRKCSH,NM_001289104.2(PRKCSH):c.861C>T (p.Thr287=),,single nucleotide variant,synonymous variant,Benign,"criteria provided, single submitter",LB,2019-09-09,B,2024-10-24,2,2,True,toward_benign,2019.0,2024.0
1578432,SEC63,NM_007214.5(SEC63):c.124+20G>A,,single nucleotide variant,intron variant,Benign/Likely benign,"criteria provided, multiple submitters, no conflicts",LB,2021-10-21,B,2025-10-24,2,2,True,toward_benign,2021.0,2025.0
3040323,SEC63,NM_007214.5(SEC63):c.1371A>G (p.Glu457=),,single nucleotide variant,synonymous variant,Benign,"criteria provided, single submitter",LB,2019-09-19,B,2025-02-06,2,2,True,toward_benign,2019.0,2025.0
786096,SEC63,NM_007214.5(SEC63):c.1441-4C>G,,single nucleotide variant,intron variant,Benign/Likely benign,"criteria provided, multiple submitters, no conflicts",LB,2022-01-25,B,2025-10-03,2,2,True,toward_benign,2022.0,2025.0
1285084,SEC63,NM_007214.5(SEC63):c.1936-27_1936-25dup,,Duplication,intron variant,Benign/Likely benign,"criteria provided, multiple submitters, no conflicts",LB,2021-11-27,B,2026-01-15,5,5,True,toward_benign,2021.0,2026.0
354889,SEC63,NM_007214.5(SEC63):c.2205G>C (p.Gly735=),,single nucleotide variant,synonymous variant,Benign/Likely benign,"criteria provided, multiple submitters, no conflicts",LB,2018-01-13,B,2025-04-23,2,2,True,toward_benign,2018.0,2025.0
197286,SEC63,NM_007214.5(SEC63):c.340-12_340-11del,,Deletion,intron variant,Benign/Likely benign,"criteria provided, multiple submitters, no conflicts",LB,2018-01-04,B,2026-01-19,5,5,True,toward_benign,2018.0,2026.0
1600829,SEC63,NM_007214.5(SEC63):c.363A>G (p.Lys121=),,single nucleotide variant,synonymous variant,Benign/Likely benign,"criteria provided, multiple submitters, no conflicts",LB,2025-10-12,B,2025-12-29,2,2,True,toward_benign,2025.0,2025.0
1573643,SEC63,NM_007214.5(SEC63):c.961+14C>T,,single nucleotide variant,intron variant,Benign/Likely benign,"criteria provided, multiple submitters, no conflicts",LB,2022-03-10,B,2025-11-24,2,2,True,toward_benign,2022.0,2025.0
779263,GANAB,NM_198334.3(GANAB):c.1026G>T (p.Leu342=),,single nucleotide variant,synonymous variant,Benign/Likely benign,"criteria provided, multiple submitters, no conflicts",LB,2021-02-01,B,2026-01-27,5,5,True,toward_benign,2021.0,2026.0
777649,GANAB,NM_198334.3(GANAB):c.1185C>T (p.Gly395=),,single nucleotide variant,synonymous variant,Benign/Likely benign,"criteria provided, multiple submitters, no conflicts",LB,2021-01-11,B,2026-01-16,5,5,True,toward_benign,2021.0,2026.0
726360,GANAB,NM_198334.3(GANAB):c.1320C>T (p.Thr440=),,single nucleotide variant,synonymous variant,Benign/Likely benign,"criteria provided, multiple submitters, no conflicts",LB,2021-05-05,B,2025-11-04,4,4,True,toward_benign,2021.0,2025.0
1596421,GANAB,NM_198334.3(GANAB):c.1386+18C>T,,single nucleotide variant,intron variant,Benign/Likely benign,"criteria provided, multiple submitters, no conflicts",LB,2022-01-06,B,2026-01-29,2,2,True,toward_benign,2022.0,2026.0
1188575,GANAB,NM_198334.3(GANAB):c.1467T>C (p.Tyr489=),,single nucleotide variant,synonymous variant,Benign/Likely benign,"criteria provided, multiple submitters, no conflicts",LB,2021-05-13,B,2025-12-23,5,5,True,toward_benign,2021.0,2025.0
797837,GANAB,NM_198334.3(GANAB):c.1594-9C>T,,single nucleotide variant,intron variant,Benign/Likely benign,"criteria provided, multiple submitters, no conflicts",LB,2022-05-24,B,2025-11-01,2,2,True,toward_benign,2022.0,2025.0
1255595,GANAB,NM_198334.3(GANAB):c.2173G>A (p.Val725Ile),"V484I, V611I, V628I, V633I, V725I, V747I",single nucleotide variant,missense variant,Benign/Likely benign,"criteria provided, multiple submitters, no conflicts",LB,2019-12-27,B,2025-09-15,6,6,True,toward_benign,2019.0,2025.0
2179211,GANAB,NM_198334.3(GANAB):c.223A>G (p.Thr75Ala),T75A,single nucleotide variant,5 prime UTR variant|missense variant|intron variant,Benign/Likely benign,"criteria provided, multiple submitters, no conflicts",LB,2025-08-03,B,2025-10-24,2,2,True,toward_benign,2025.0,2025.0
1333062,GANAB,NM_198334.3(GANAB):c.2253G>A (p.Ala751=),,single nucleotide variant,synonymous variant,Benign/Likely benign,"criteria provided, multiple submitters, no conflicts",LB,2021-05-06,B,2025-04-23,3,3,True,toward_benign,2021.0,2025.0
729863,GANAB,NM_198334.3(GANAB):c.2548C>T (p.His850Tyr),"H758Y, H609Y, H850Y, H872Y, H736Y, H753Y",single nucleotide variant,missense variant,Benign/Likely benign,"criteria provided, multiple submitters, no conflicts",LB,2021-02-23,B,2026-01-27,3,3,True,toward_benign,2021.0,2026.0
1627254,GANAB,NM_198334.3(GANAB):c.2740C>T (p.Arg914Cys),"R673C, R800C, R817C, R822C, R914C, R936C",single nucleotide variant,missense variant,Benign/Likely benign,"criteria provided, multiple submitters, no conflicts",LB,2023-04-09,B,2026-01-12,3,3,True,toward_benign,2023.0,2026.0
1598685,GANAB,NM_198334.3(GANAB):c.38+17C>T,,single nucleotide variant,intron variant,Benign/Likely benign,"criteria provided, multiple submitters, no conflicts",LB,2021-09-30,B,2026-01-11,3,3,True,toward_benign,2021.0,2026.0
1254384,GANAB,NM_198334.3(GANAB):c.380+15A>G,,single nucleotide variant,intron variant,Benign/Likely benign,"criteria provided, multiple submitters, no conflicts",LB,2021-02-20,B,2026-01-28,4,4,True,toward_benign,2021.0,2026.0
719219,GANAB,NM_198334.3(GANAB):c.518G>A (p.Arg173Gln),"R76Q, R173Q, R59Q",single nucleotide variant,missense variant|5 prime UTR variant,Benign/Likely benign,"criteria provided, multiple submitters, no conflicts",LB,2023-03-23,B,2026-01-19,2,2,True,toward_benign,2023.0,2026.0
780995,GANAB,NM_198334.3(GANAB):c.714G>A (p.Pro238=),,single nucleotide variant,synonymous variant|5 prime UTR variant,Benign/Likely benign,"criteria provided, multiple submitters, no conflicts",LB,2021-02-19,B,2026-01-28,4,4,True,toward_benign,2021.0,2026.0
780996,GANAB,NM_198334.3(GANAB):c.75C>G (p.Val25=),,single nucleotide variant,5 prime UTR variant|synonymous variant|intron variant,Benign/Likely benign,"criteria provided, multiple submitters, no conflicts",LB,2021-02-19,B,2026-01-28,3,3,True,toward_benign,2021.0,2026.0
704610,ALG8,NM_024079.5(ALG8):c.1276+10G>A,,single nucleotide variant,intron variant,Benign/Likely benign,"criteria provided, multiple submitters, no conflicts",LB,2019-06-05,B,2025-10-26,3,3,True,toward_benign,2019.0,2025.0
1218011,ALG8,NM_024079.5(ALG8):c.175-18C>A,,single nucleotide variant,intron variant,Benign/Likely benign,"criteria provided, multiple submitters, no conflicts",LB,2018-07-10,B,2026-01-24,3,3,True,toward_benign,2018.0,2026.0
306227,ALG8,NM_024079.5(ALG8):c.32G>C (p.Gly11Ala),G11A,single nucleotide variant,missense variant,Benign/Likely benign,"criteria provided, multiple submitters, no conflicts",LB,2025-07-01,B,2025-12-19,2,2,True,toward_benign,2025.0,2025.0
306218,ALG8,NM_024079.5(ALG8):c.896T>C (p.Ile299Thr),I299T,single nucleotide variant,missense variant,Benign/Likely benign,"criteria provided, multiple submitters, no conflicts",LB,2018-01-13,B,2026-01-25,5,5,True,toward_benign,2018.0,2026.0
380524,ALG9,NM_024740.2(ALG9):c.132-18T>G,,single nucleotide variant,intron variant,Benign/Likely benign,"criteria provided, multiple submitters, no conflicts",LB,2018-03-08,B,2026-02-01,3,3,True,toward_benign,2018.0,2026.0
697840,ALG9,NM_024740.2(ALG9):c.1332C>T (p.His444=),,single nucleotide variant,synonymous variant|non-coding transcript variant,Benign/Likely benign,"criteria provided, multiple submitters, no conflicts",LB,2021-09-10,B,2026-02-01,3,3,True,toward_benign,2021.0,2026.0
235406,ALG9,NM_024740.2(ALG9):c.1604T>G (p.Ile535Ser),"I535S, I316S, I364S, I487S, I528S, I332S, I357S",single nucleotide variant,missense variant|non-coding transcript variant,Benign/Likely benign,"criteria provided, multiple submitters, no conflicts",LB,2015-06-02,B,2026-01-07,3,3,True,toward_benign,2015.0,2026.0
384997,ALG9,NM_024740.2(ALG9):c.1794C>T (p.Tyr598=),,single nucleotide variant,synonymous variant|3 prime UTR variant|non-coding transcript variant,Benign/Likely benign,"criteria provided, multiple submitters, no conflicts",LB,2018-05-01,B,2026-02-01,6,6,True,toward_benign,2018.0,2026.0
385426,ALG9,NM_024740.2(ALG9):c.790-11C>T,,single nucleotide variant,intron variant,Benign/Likely benign,"criteria provided, multiple submitters, no conflicts",LB,2017-10-02,B,2026-01-26,2,2,True,toward_benign,2017.0,2026.0
4684715,SEC61A1,NM_013336.4(SEC61A1):c.*1G>A,,single nucleotide variant,3 prime UTR variant|intron variant,Benign/Likely benign,"criteria provided, multiple submitters, no conflicts",LB,2025-11-20,B,2026-02-12,2,2,True,toward_benign,2025.0,2026.0
787661,SEC61A1,NM_013336.4(SEC61A1):c.1398C>T (p.Ser466=),,single nucleotide variant,synonymous variant|intron variant,Benign/Likely benign,"criteria provided, multiple submitters, no conflicts",LB,2021-03-15,B,2026-02-01,6,6,True,toward_benign,2021.0,2026.0
1170774,SEC61A1,NM_013336.4(SEC61A1):c.784C>A (p.Arg262=),,single nucleotide variant,synonymous variant|intron variant,Benign/Likely benign,"criteria provided, multiple submitters, no conflicts",LB,2022-05-18,B,2026-01-19,4,4,True,toward_benign,2022.0,2026.0
1584193,SEC61A1,NM_013336.4(SEC61A1):c.960G>T (p.Leu320=),,single nucleotide variant,synonymous variant|intron variant,Benign/Likely benign,"criteria provided, multiple submitters, no conflicts",LB,2024-07-23,B,2026-03-31,3,3,True,toward_benign,2024.0,2026.0
3317172,SEC63,NM_007214.5(SEC63):c.1715A>G (p.Lys572Arg),K572R,single nucleotide variant,missense variant,Likely benign,"criteria provided, single submitter",LB,2024-06-16,VUS,2024-09-10,2,2,True,toward_pathogenic,2024.0,2024.0
3054414,GANAB,NM_198334.3(GANAB):c.1983G>A (p.Val661=),,single nucleotide variant,synonymous variant,Uncertain significance,"criteria provided, single submitter",LB,2020-04-27,VUS,2024-03-13,2,2,True,toward_pathogenic,2020.0,2024.0
3031635,GANAB,NM_198334.3(GANAB):c.691A>C (p.Lys231Gln),"K117Q, K134Q, K139Q, K231Q, K253Q",single nucleotide variant,missense variant|5 prime UTR variant,Uncertain significance,"criteria provided, multiple submitters, no conflicts",LB,2022-04-02,VUS,2024-07-19,4,4,True,toward_pathogenic,2022.0,2024.0
3029430,ALG8,NM_024079.5(ALG8):c.898+9G>A,,single nucleotide variant,intron variant,Uncertain significance,"criteria provided, single submitter",LB,2023-02-27,VUS,2024-06-19,2,2,True,toward_pathogenic,2023.0,2024.0
2683685,PRKCSH,NM_001289104.2(PRKCSH):c.1285G>T (p.Glu429Ter),"E419*, E422*, E429*",single nucleotide variant,nonsense,Pathogenic/Likely pathogenic,"criteria provided, multiple submitters, no conflicts",LP,2022-12-29,P,2023-12-30,2,2,True,toward_pathogenic,2022.0,2023.0
1448518,SEC63,NM_007214.5(SEC63):c.1188_1191dup (p.Val398fs),V398fs,Duplication,frameshift variant,Pathogenic/Likely pathogenic,"criteria provided, multiple submitters, no conflicts",LP,2021-09-23,P,2022-05-06,2,2,True,toward_pathogenic,2021.0,2022.0
1255633,SEC63,NM_007214.5(SEC63):c.292C>T (p.Arg98Ter),R98*,single nucleotide variant,nonsense,Pathogenic/Likely pathogenic,"criteria provided, multiple submitters, no conflicts",LP,2020-02-10,P,2022-02-02,4,4,True,toward_pathogenic,2020.0,2022.0
3900707,GANAB,NM_198334.3(GANAB):c.1240C>T (p.Gln414Ter),"Q173*, Q300*, Q317*, Q322*, Q414*, Q436*",single nucleotide variant,nonsense,Pathogenic/Likely pathogenic,"criteria provided, multiple submitters, no conflicts",LP,2025-04-29,P,2026-03-01,2,2,True,toward_pathogenic,2025.0,2026.0
2440412,GANAB,NM_198334.3(GANAB):c.2434C>T (p.Arg812Ter),"R571*, R698*, R715*, R720*, R812*, R834*",single nucleotide variant,nonsense,Pathogenic/Likely pathogenic,"criteria provided, multiple submitters, no conflicts",LP,2022-05-18,P,2024-09-04,2,2,True,toward_pathogenic,2022.0,2024.0
1327722,GANAB,NM_198334.3(GANAB):c.490C>T (p.Arg164Ter),"R164*, R50*, R67*",single nucleotide variant,nonsense|5 prime UTR variant,Pathogenic/Likely pathogenic,"criteria provided, multiple submitters, no conflicts",LP,2021-09-13,P,2024-07-11,5,5,True,toward_pathogenic,2021.0,2024.0
3599892,GANAB,NM_198334.3(GANAB):c.516_517delinsAT (p.Arg173Ter),"R76*, R173*, R59*",Indel,nonsense|5 prime UTR variant,Pathogenic/Likely pathogenic,"criteria provided, multiple submitters, no conflicts",LP,2024-03-15,P,2025-05-29,2,2,True,toward_pathogenic,2024.0,2025.0
2683953,ALG8,NM_024079.5(ALG8):c.544C>T (p.Gln182Ter),"Q10*, Q115*, Q131*, Q177*, Q182*, Q183*, Q94*",single nucleotide variant,nonsense,Likely pathogenic,"criteria provided, multiple submitters, no conflicts",LP,2023-08-14,P,2024-08-29,3,3,True,toward_pathogenic,2023.0,2024.0
1437904,ALG8,NM_024079.5(ALG8):c.802del (p.Arg268fs),R268fs,Deletion,frameshift variant,Pathogenic/Likely pathogenic,"criteria provided, multiple submitters, no conflicts",LP,2021-11-29,P,2022-02-09,2,2,True,toward_pathogenic,2021.0,2022.0
3345062,ALG9,NM_024740.2(ALG9):c.1163_1164del (p.Ser388fs),"S176fs, S192fs, S217fs, S347fs, S388fs",Microsatellite,frameshift variant|non-coding transcript variant,Pathogenic,"criteria provided, single submitter",LP,2024-08-12,P,2025-04-28,2,2,True,toward_pathogenic,2024.0,2025.0
549498,SEC61A1,NM_013336.4(SEC61A1):c.254T>A (p.Val85Asp),"V85D, V32D, V91D",single nucleotide variant,missense variant,Likely pathogenic,"criteria provided, single submitter",LP,2018-04-16,P,2024-01-12,2,2,True,toward_pathogenic,2018.0,2024.0
972827,DNAJB11,NM_016306.6(DNAJB11):c.400del (p.Ile134fs),I134fs,Deletion,frameshift variant|non-coding transcript variant|intron variant,Pathogenic/Likely pathogenic,"criteria provided, multiple submitters, no conflicts",LP,2019-01-01,P,2026-01-30,2,2,True,toward_pathogenic,2019.0,2026.0
972873,DNAJB11,NM_016306.6(DNAJB11):c.430G>T (p.Glu144Ter),E144*,single nucleotide variant,nonsense|non-coding transcript variant|intron variant,Pathogenic/Likely pathogenic,"criteria provided, multiple submitters, no conflicts",LP,2019-01-01,P,2026-01-30,2,2,True,toward_pathogenic,2019.0,2026.0
3899993,DNAJB11,NM_016306.6(DNAJB11):c.532del (p.Thr178fs),T178fs,Deletion,frameshift variant|non-coding transcript variant|intron variant,Pathogenic,"criteria provided, single submitter",LP,2024-11-05,P,2026-01-30,2,2,True,toward_pathogenic,2024.0,2026.0
1255621,SEC63,NM_007214.5(SEC63):c.646A>G (p.Ile216Val),I216V,single nucleotide variant,missense variant,Uncertain significance,"criteria provided, single submitter",LP,2021-09-01,VUS,2023-02-23,2,2,True,toward_benign,2021.0,2023.0
2446346,ALG8,NM_024079.5(ALG8):c.460G>A (p.Gly154Arg),G154R,single nucleotide variant,missense variant,Uncertain significance,"criteria provided, multiple submitters, no conflicts",LP,2021-06-08,VUS,2024-07-27,4,4,True,toward_benign,2021.0,2024.0
1255613,SEC61A1,NM_013336.4(SEC61A1):c.706C>T (p.Arg236Cys),"R236C, R183C, R242C",single nucleotide variant,missense variant|3 prime UTR variant,Uncertain significance,"criteria provided, single submitter",LP,2021-09-01,VUS,2023-07-25,2,2,True,toward_benign,2021.0,2023.0
194646,SEC63,NM_007214.5(SEC63):c.1605dup (p.Pro536fs),P536fs,Duplication,frameshift variant,Pathogenic/Likely pathogenic,"criteria provided, multiple submitters, no conflicts",P,2014-07-24,LP,2025-11-29,4,4,True,toward_benign,2014.0,2025.0
1255636,SEC63,NM_007214.5(SEC63):c.715C>T (p.Arg239Ter),R239*,single nucleotide variant,nonsense,Pathogenic/Likely pathogenic,"criteria provided, multiple submitters, no conflicts",P,2021-09-01,LP,2024-05-01,4,4,True,toward_benign,2021.0,2024.0
253133,GANAB,NM_198334.3(GANAB):c.152_153del (p.Arg51fs),R51fs,Microsatellite,5 prime UTR variant|frameshift variant|intron variant,Pathogenic/Likely pathogenic,"criteria provided, multiple submitters, no conflicts",P,2018-02-22,LP,2024-01-24,6,6,True,toward_benign,2018.0,2024.0
590351,GANAB,NM_198334.3(GANAB):c.2443C>T (p.Arg815Ter),"R837*, R574*, R723*, R701*, R815*, R718*",single nucleotide variant,nonsense,Pathogenic/Likely pathogenic,"criteria provided, multiple submitters, no conflicts",P,2018-01-01,LP,2026-02-08,5,5,True,toward_benign,2018.0,2026.0
253132,GANAB,NM_198334.3(GANAB):c.2449C>T (p.Arg817Trp),"R839W, R703W, R725W, R817W, R576W, R720W",single nucleotide variant,missense variant,Likely pathogenic,"criteria provided, multiple submitters, no conflicts",P,2018-02-22,LP,2024-04-04,3,3,True,toward_benign,2018.0,2024.0
2230523,ALG8,NM_024079.5(ALG8):c.309dup (p.Leu104fs),L104fs,Duplication,frameshift variant,Pathogenic/Likely pathogenic,"criteria provided, multiple submitters, no conflicts",P,2021-04-03,LP,2024-06-07,2,2,True,toward_benign,2021.0,2024.0
2562,ALG8,NM_024079.5(ALG8):c.673+4A>G,,single nucleotide variant,intron variant,Likely pathogenic,"criteria provided, single submitter",P,2004-07-01,LP,2022-03-16,2,2,True,toward_benign,2004.0,2022.0
1328207,ALG8,NM_024079.5(ALG8):c.685C>T (p.Arg229Ter),R229*,single nucleotide variant,nonsense,Likely pathogenic,"criteria provided, multiple submitters, no conflicts",P,2021-06-08,LP,2024-03-07,5,5,True,toward_benign,2021.0,2024.0
3574056,ALG8,NM_024079.5(ALG8):c.740T>G (p.Leu247Ter),"L242*, L75*, L159*, L196*, L247*, L180*, L248*, L278*, L62*",single nucleotide variant,nonsense|non-coding transcript variant|intron variant,Pathogenic/Likely pathogenic,"criteria provided, multiple submitters, no conflicts",P,2024-02-07,LP,2024-06-21,2,2,True,toward_benign,2024.0,2024.0
854540,ALG8,NM_024079.5(ALG8):c.761dup (p.Pro255fs),P255fs,Duplication,frameshift variant,Pathogenic/Likely pathogenic,"criteria provided, multiple submitters, no conflicts",P,2019-03-06,LP,2022-03-12,2,2,True,toward_benign,2019.0,2022.0
2982294,ALG8,NM_024079.5(ALG8):c.824del (p.Gly275fs),G275fs,Deletion,frameshift variant,Pathogenic/Likely pathogenic,"criteria provided, multiple submitters, no conflicts",P,2023-03-13,LP,2023-12-21,2,2,True,toward_benign,2023.0,2023.0
2563,ALG8,NM_024079.5(ALG8):c.824G>A (p.Gly275Asp),G275D,single nucleotide variant,missense variant,Likely pathogenic,"criteria provided, single submitter",P,2004-07-01,LP,2022-01-12,2,2,True,toward_benign,2004.0,2022.0
2086914,ALG9,NM_024740.2(ALG9):c.744G>A (p.Trp248Ter),"W248*, W77*, W52*",single nucleotide variant,nonsense|non-coding transcript variant,Pathogenic/Likely pathogenic,"criteria provided, multiple submitters, no conflicts",P,2022-01-27,LP,2024-03-19,2,2,True,toward_benign,2022.0,2024.0
549847,DNAJB11,NM_016306.6(DNAJB11):c.161C>G (p.Pro54Arg),P54R,single nucleotide variant,missense variant|non-coding transcript variant,Likely pathogenic,"criteria provided, multiple submitters, no conflicts",P,2018-07-27,LP,2026-01-30,3,3,True,toward_benign,2018.0,2026.0
549850,DNAJB11,NM_016306.6(DNAJB11):c.230T>C (p.Leu77Pro),L77P,single nucleotide variant,missense variant|non-coding transcript variant,Likely pathogenic,"criteria provided, multiple submitters, no conflicts",P,2018-07-27,LP,2026-01-30,3,3,True,toward_benign,2018.0,2026.0
253128,GANAB,NM_198334.3(GANAB):c.1199G>T (p.Arg400Leu),"R422L, R159L, R286L, R303L, R308L, R400L",single nucleotide variant,missense variant,Uncertain significance,"criteria provided, single submitter",P,2018-02-22,VUS,2022-10-14,2,2,True,toward_benign,2018.0,2022.0
3748,ALG9,NM_024740.2(ALG9):c.1588G>A (p.Glu530Lys),"E523K, E530K, E352K, E327K, E359K, E311K, E482K",single nucleotide variant,missense variant|non-coding transcript variant,Uncertain significance,"criteria provided, single submitter",P,2004-07-01,VUS,2024-03-17,2,2,True,toward_benign,2004.0,2024.0
907578,SEC63,NM_007214.5(SEC63):c.1936-4C>T,,single nucleotide variant,intron variant,Uncertain significance,"criteria provided, single submitter",VUS,2018-01-12,B,2019-06-06,2,2,True,toward_benign,2018.0,2019.0
384081,ALG8,NM_024079.5(ALG8):c.1134G>T (p.Trp378Cys),W378C,single nucleotide variant,missense variant,Likely pathogenic,"criteria provided, multiple submitters, no conflicts",VUS,2017-03-16,LP,2024-12-26,3,3,True,toward_pathogenic,2017.0,2024.0
2425984,SEC63,NC_000006.11:g.(?_107019871)_(110266416_?)del,,Deletion,,Uncertain significance,"criteria provided, single submitter",VUS,2022-02-04,P,2022-02-04,2,1,True,toward_pathogenic,2022.0,2022.0
96091,ALG8,NM_024079.5(ALG8):c.122G>A (p.Arg41Gln),R41Q,single nucleotide variant,missense variant,Pathogenic,"criteria provided, multiple submitters, no conflicts",VUS,2012-12-21,P,2024-10-08,3,3,True,toward_pathogenic,2012.0,2024.0
1375570,SEC61A1,NC_000003.11:g.(?_127771396)_(128205874_?)del,,Deletion,,Pathogenic,"criteria provided, single submitter",VUS,2021-01-19,P,2021-09-16,2,1,True,toward_pathogenic,2021.0,2021.0
